id,name,model_id:id,group_id:id,perm_read,perm_write,perm_create,perm_unlink
access_operation_site_survey,operation.site.survey,model_operation_site_survey,base.group_user,1,1,1,1
access_site_survey_content,site.survey.content,model_site_survey_content,base.group_user,1,1,1,1
access_site_survey_product,site.survey.product,model_site_survey_product,base.group_user,1,1,1,1
access_site_survey_equipment,site.survey.equipment,model_site_survey_equipment,base.group_user,1,1,1,1
access_manpower_count,manpower.count,model_manpower_count,base.group_user,1,1,1,1
access_manpower_details,manpower.details,model_manpower_details,base.group_user,1,1,1,1
access_job_costing_details,job.costing.details,model_job_costing_details,base.group_user,1,1,1,1
access_reason_cancellation,reason.cancellation,model_reason_cancellation,base.group_user,1,1,1,1
access_under_amendment,under.amendment,model_under_amendment,base.group_user,1,1,1,1
access_amendment_amendment,amendment.amendment,model_amendment_amendment,base.group_user,1,1,1,1